Repository,Result
angular-ui/bootstrap,TP
kriskowal/q,TP
jquery/jquery-mobile,TP
tpope/vim-pathogen,TP
hpneo/gmaps,TP
morrisjs/morris.js,TP
wting/autojump,TP
deis/deis,TP
tbruyelle/RxPermissions,TP
bramp/js-sequence-diagrams,TP
Rich-Harris/ramjet,TP
nicklockwood/FXBlurView,TP
holman/spark,TP
KrauseFx/TSMessages,TP
iron/iron,TP
evil-icons/evil-icons,TP
isaacs/node-glob,TP
rtfeldman/seamless-immutable,TP
JakeWharton/NineOldAndroids,TP
facebookarchive/fixed-data-table,TP
nicklockwood/iRate,TP
sj26/mailcatcher,TP
prasmussen/gdrive,TP
sindresorhus/screenfull.js,TP
jquery-backstretch/jquery-backstretch,TP
stig/json-framework,TP
facebook/PathPicker,TP
socketstream/socketstream,TP
yeoman/generator-webapp,TP
appjs/appjs,TP
facebook/mention-bot,TP
creationix/js-git,TP
burke/zeus,TP
defunkt/dotjs,TP
angular/quickstart,TP
addyosmani/basket.js,TP
igrigorik/ga-beacon,TP
nicklockwood/FXForms,TP
shazow/ssh-chat,TP
martinblech/xmltodict,TP
mojombo/chronic,TP
nelhage/reptyr,TP
antimatter15/ocrad.js,TP
leemunroe/grunt-email-workflow,TP
dataarts/dat.gui,TP
go-gorp/gorp,TP
google-fabric/velocity-react,TP
stutrek/scrollMonitor,TP
0xced/iOS-Artwork-Extractor,TP
tilemill-project/tilemill,TP
gazay/gon,TP
lipis/bootstrap-social,TP
mootools/mootools-core,TP
toland/qlmarkdown,TP
christianalfoni/formsy-react,TP
mobileplayer/mobileplayer-ios,TP
webpack-contrib/sass-loader,TP
sehmaschine/django-grappelli,TP
formly-js/angular-formly,TP
asciimoo/drawille,TP
seven1m/30-days-of-elixir,TP
fsnotify/fsnotify,TP
pornel/slip,TP
specta/specta,TP
hokein/electron-sample-apps,TP
wavded/humane-js,TP
exif-js/exif-js,TP
quil/quil,TP
drakeet/MaterialDialog,TP
carlsednaoui/ouibounce,TP
getify/LABjs,TP
hojberg/cssarrowplease,TP
cloudhead/node-static,TP
me115/linuxtools_rst,TP
michaelficarra/CoffeeScriptRedux,TP
mhagger/git-imerge,TP
atom/vim-mode,TP
d3/d3-plugins,TP
documentcloud/visualsearch,TP
gilesbowkett/rewind,TP
drublic/css-modal,TP
hamstergem/hamster,TP
millermedeiros/js-signals,TP
adamzap/landslide,TP
postwait/node-amqp,TP
airbnb/AirMapView,TP
twilio/stashboard,TP
mikechambers/as3corelib,TP
evrone/quiet_assets,TP
hueniverse/oz,TP
aFarkas/webshim,TP
clojure/core.async,TP
callumboddy/CBZSplashView,TP
nicinabox/superslides,TP
fruux/Baikal,TP
benjaminoakes/maid,TP
jejacks0n/teaspoon,TP
filamentgroup/fixed-sticky,TP
HazyResearch/deepdive,TP
mikeash/MAObjCRuntime,TP
spulec/freezegun,TP
squaremo/rabbit.js,TP
jdesboeufs/connect-mongo,TP
VictorBjelkholm/ngProgress,FP
radex/SwiftyUserDefaults,FP
casesandberg/reactcss,FP
tobegit3hub/seagull,FP
leapmotion/leapjs,FP
json5/json5,FP
jonathanslenders/pyvim,FP
curran/screencasts,FP
nikgraf/belle,FP
go-yaml/yaml,FP
tobie/ua-parser,FP
polaris1119/The-Golang-Standard-Library-by-Example,FP
elrumordelaluz/csshake,FP
sagivo/algorithms,FP
bfirsh/jsnes,FP
prawnpdf/prawn,FP
lra/mackup,FP
topcoat/topcoat,FP
imsky/holder,FP
yeoman/yeoman,FP
feathericons/feather,FP
trailblazer/cells,FP
mgravell/protobuf-net,FP
ashtuchkin/iconv-lite,FP
RubyMoney/money,FP
daneden/Toast,FP